<playlistMenu>
 <NewChannel src="img/menu/NewChannel.png"/>
 <NewGroup src="img/menu/NewGroup.png"/>
 <AddFile src="img/menu/AddFile.png"/>
 <AddFolder src="img/menu/AddFolder.png"/>
 <OpenFolder src="img/menu/OpenFolder.png"/>
 <Delete src="img/menu/Delete.png"/>
 <DeleteAll src="img/menu/DeleteAll.png"/>
 <ShowCurrentChannel src="img/menu/Play.png"/>
 <UpdateEpg src="img/menu/UpdateEpg.png"/>
 <LoadPlaylist src="img/menu/LoadPlaylist.png"/>
 <UnloadPlayilst src="img/menu/save.png"/>
 <RefreshChannel src="img/menu/RefreshChannel.png"/>
 <FilterByName src="img/menu/FilterByName.png"/>
 <DeleteFilter src="img/menu/DeleteFilter.png"/>
 <SelectAll src="img/menu/SelectAll.png"/>
 <Record src="img/menu/Record.png"/>
 <PlayInPiP src="img/menu/PIP.png"/>
 <CheckSelectedChannel src="img/menu/CheckSelectedChannel.png"/>
 <SurfingOnSelectedChannels src="img/menu/SurfingOnSelectedChannels.png"/>
 <ClearLastPosition src="img/menu/ClearLastPosition.png"/>
 <MoveToGroup src="img/menu/MoveToGroup.png"/>
 <Miscellaneous src="img/menu/Miscellaneous.png"/>
 <Additional src="img/menu/Additional.png"/>
 <QuickEPG src="img/menu/EPG.png"/>
 <Sorting src="img/menu/Sorting.png"/>
 <SortingGroup src="img/menu/SortingGroup.png"/>
</playlistMenu>

<osdPlaylistMenu>
 <MoveToGroup src="img/menu/MoveToGroup.png"/>
 <AddFile src="img/menu/AddFile.png"/>
 <AddFolder src="img/menu/AddFolder.png"/>
 <OpenFolder src="img/menu/OpenFolder.png"/>
 <Delete src="img/menu/Delete.png"/>
 <DeleteAll src="img/menu/DeleteAll.png"/>
 <ShowCurrentChannel src="img/menu/Play.png"/>
 <UpdateEpg src="img/menu/UpdateEpg.png"/>
 <LoadPlaylist src="img/menu/LoadPlaylist.png"/>
 <UnloadPlayilst src="img/menu/save.png"/>
 <RefreshChannel src="img/menu/RefreshChannel.png"/>
 <QuickEPG src="img/menu/QuickEPG .png"/>
 <Miscellaneous src="img/menu/Miscellaneous.png"/>
 <FilterByName src="img/menu/FilterByName.png"/>
 <DeleteFilter src="img/menu/DeleteFilter.png"/>
 <SelectAll src="img/menu/SelectAll.png"/>
 <Additional src="img/menu/NewChannel.png"/>  
 <Sorting src="img/menu/Sorting.png"/>
 <SortingGroup src="img/menu/SortingGroup.png"/>  
 <Record src="img/menu/Record.png"/>
 <PlayInPiP src="img/menu/PIP.png"/>
 <CheckSelectedChannel src="img/menu/PIP.png"/>
 <SurfingOnSelectedChannels src="img/menu/PIP.png"/>
 <ClearLastPosition src="img/menu/ClearLastPosition.png"/>
</osdPlaylistMenu>

<extFilterMenu>
 <Up src="img/menu/Up.png"/>
 <Down src="img/menu/Down.png"/>
 <New src="img/menu/NewChannel.png"/>  
 <Edit src="img/menu/SubtitleTextRenderer.png"/>  
 <EditAttached src="img/menu/EditAttached.png"/>
 <DetachPlaylist src="img/menu/DetachPlaylist.png"/>
 <RefreshAttached src="img/menu/RefreshChannel.png"/>  
 <AttachPlaylistTo src="img/menu/AttachPlaylistTo.png"/>
 <AttachPlaylistDisabled src="img/menu/AttachPlaylistDisabled.png"/>
 <Delete src="img/menu/Delete.png"/>
 <DeleteAll src="img/menu/DeleteAll.png"/>
 <TypeOfSwitches src="img/menu/TypeOfSwitches.png"/>
</extFilterMenu>

<systemTrayMenu>
 <HideShow src="img/menu/Playlist.png"/>
 <RestoreRaise src="img/menu/ViewSize.png"/>
 <Raise src="img/menu/Raise.png"/>
 <StopAllAndQuit src="img/menu/StopQuickRecord.png"/>
 <Exit src="img/menu/Quit.png"/>->
 <PlayPause src="img/menu/PlayPause.png"/> 
 <Stop src="img/menu/Stop.png"/>
 <ShowPreferences src="img/menu/Setting.png"/>
 <ShowScheduler src="img/menu/SchedulerOnOSD.png"/> 
 <ChannelsList src="img/menu/ChannelsList.png"/>
</systemTrayMenu>

<mainMenu>
 <File src="img/menu/File.png"/>
 <RecentMedia src="img/menu/RecentMedia.png"/>
 <RecentMediaDeleteAll src="img/menu/DeleteAll.png"/> 
 <Control src="img/menu/Control.png"/>
 <Bookmarks src="img/menu/Bookmarks.png"/>
 <MultiAddress src="img/menu/MultiAddress.png"/>
 <ControlTitle src="img/menu/ControlTitle.png"/>
 <ControlChapter src="img/menu/ControlChapter.png"/>
 <ControlChapterItems src="img/menu/ControlChapterItems.png"/>

 <Playlist src="img/menu/Playlist.png"/>
 <PlaylistPlayMode src="img/menu/PlaylistPlayMode.png"/>

 <Record src="img/menu/Record.png"/>
 <Setting src="img/menu/Setting.png"/>

 <View src="img/menu/View.png"/>
 <ViewSzie src="img/menu/ViewSize.png"/>

 <Epg src="img/menu/EPG.png"/>
 <EpgUpdateSource src="img/menu/UpdateEpg.png"/>

 <Power src="img/menu/Power.png"/>

 <Subtitle src="img/menu/Subtitle.png"/>
 <SubtitleTrack src="img/menu/SubtitleTrack.png"/>
 <SubtitleCoding src="img/menu/SubtitleCoding.png"/>

 <Video src="img/menu/Video.png"/>
 <Video_VTrack src="img/menu/Audio_ATrack.png"/>
 <Video_Deint src="img/menu/Video_Deint.png"/>
 <Video_Crop src="img/menu/Video_Crop.png"/>
 <Video_Ratio src="img/menu/Video_Ratio.png"/>
 <Video_Postproc src="img/menu/VideoAVCodec.png"/>

 <Audio src="img/menu/Audio.png"/>
 <Audio_ATrack src="img/menu/Audio_ATrack.png"/>
 <Audio_SpeakerConfig src="img/menu/Audio_SpeakerConfig.png"/>
 <Audio_Device src="img/menu/Audio_Device.png"/>
 <Audio_Visual src="img/menu/SoundVisualization.png"/>

 <Tools src="img/menu/Tools.png"/>
 <Help src="img/menu/Help.png"/>

 <LuaAdditional src="img/menu/LuaAdditional.png"/>
 
 <MinimizeToTray src="img/menu/MinimizeToTray.png"/>
 <Quit src="img/menu/Quit.png"/>
 
 <Play src="img/menu/Play.png"/>
 <Stop src="img/menu/Stop.png"/>
 <Restart src="img/menu/Restart.png"/>
 <SkipForward src="img/menu/SkipForward.png"/>
 <SkipBackward src="img/menu/SkipBackward.png"/>
 <LongSkipForward src="img/menu/LongSkipForward.png"/>
 <LongSkipBackward src="img/menu/LongSkipBackward.png"/>
 
 <FastPlayRate src="img/menu/FastPlayRate.png"/>
 <NormalPlayRate src="img/menu/NormalPlayRate.png"/>
 <IncreasePlayRate src="img/menu/IncreasePlayRate.png"/>
 <DecreasePlayRate src="img/menu/DecreasePlayRate.png"/>
  
 <PlaySelectedChannelInPiP src="img/menu/PiP.png"/>
 <SwapThePiPSound src="img/menu/PiP.png"/>
 <RestartPlaybackInTheCurrentPiP src="img/menu/PiP.png"/>
 
 <ControlsOnOsd src="img/menu/ControlsOnOsd.png"/>
 
 <ChaptersOnOSD src="img/menu/ControlsOnOsd.png"/>
 <NextChapter src="img/menu/NextChapter.png"/>
 <PreviousChapter src="img/menu/PreviousChapter.png"/>
 
 <OptionsOnOSD src="img/menu/OptionsOnOSD.png"/>
 
 <ChannelBackward src="img/menu/ChannelBackward.png"/>
 <ChannelForward src="img/menu/ChannelForward.png"/>
 <PreviousChannel src="img/menu/PreviousChannel.png"/>
 <ShowCurrentChannel src="img/menu/Play.png"/>

 <ParentalModeOff src="img/menu/ParentalControlOff.png"/>
 <ParentalModeOn src="img/menu/ParentalModeOn.png"/>

 <ShowHidePlaylist src="img/menu/Playlist.png"/>
 <ShowHidePlaylistOnOSD src="img/menu/ShowHidePlaylistOnOSD.png"/> 
 <SwitchingPlaylistTabs src="img/menu/SwitchingPlaylistTabs.png"/>
 <AdvancedFilterOnOSD src="img/menu/AdvancedFilterOnOSD.png"/>
 
 <FavoriteChannelsMedia src="img/menu/Favorite.png"/>
 <AddRemoveChannelToFavourites src="img/menu/AddRemoveChannelToFavourites.png"/>

 <ShowPiP src="img/menu/PiP.png"/>
 <ShowMPiP src="img/menu/MultiPiP.png"/>
 <ShowPreviewPiP src="img/menu/PiP.png"/>
 
 <ChannelInfo src="img/menu/ChannelInfo.png"/>
 
 <LoadPlaylist src="img/menu/LoadPlaylist.png"/>
 <UnloadPlaylist src="img/menu/save.png"/>
 <RefreshPlaylist src="img/menu/RefreshChannel.png"/> 

 <AlwaysOnTop src="img/menu/AlwaysOnTop.png"/>
 <Fullscreen src="img/menu/Fullscreen.png"/>
 <CompactMode src="img/menu/CompactMode.png"/>
 <SizeLockMode src="img/menu/SizeLockMode.png"/>
 <ControlPanel src="img/menu/ControlPanel.png"/>
 <ScalingWindowToFitVideo src="img/menu/ScalingWindowToFitVideo.png"/>
 <OriginalVideoSize src="img/menu/OriginalVideoSize.png"/>
 <OriginalVideoSizeDIV2 src="img/menu/OriginalVideoSizeDIV2.png"/>
 <OriginalVideoSizeMUL2 src="img/menu/OriginalVideoSizeMUL2.png"/>

 <ShowEpg src="img/menu/ShowEpg.png"/>
 <ShowOsdEpg  src="img/menu/ShowOsdEpg.png"/>
 <UpdateEpg  src="img/menu/UpdateEpg_On.png"/>
 <AbortUpdateEpg src="img/menu/AbortUpdateEpg.png"/>

 <SubtitleDisableAtStart src="img/menu/SubtitleDisableAtStart.png"/>
 <SubtitleAutodetect src="img/menu/SubtitleAutodetect.png"/>
 <LoadSubtitleFile src="img/menu/LoadSubtitleFile.png"/>
 
 <About src="img/menu/tv.png"/>
 <AboutQt src="img/menu/aboutQt.png"/>
 <Homepage src="img/menu/Homepage.png"/>
 <Bugtracker src="img/menu/Bugtracker.png"/>
 
 <QuickRecord src="img/menu/QuickRecord.png"/>
 <QuickRecordFromPiP src="img/menu/QuickRecordFromPiP.png"/>
 <StopQuickRecord src="img/menu/StopQuickRecord.png"/>
 <SchedulerOnOSD src="img/menu/SchedulerOnOSD.png"/>
 <Scheduler src="img/menu/Scheduler.png"/>
 <DumpToFile src="img/menu/DumpToFile.png"/>
 <Snapshot src="img/menu/Snapshot.png"/>
 <OpenRecordFolder src="img/menu/OpenFolder.png"/>
 
 <TurnOff src="img/menu/TurnOff.png"/>
 <ShutdownComputer src="img/menu/ShutdownComputer.png"/>
 <RestartComputer src="img/menu/RestartComputer.png"/>
 <SleepTimer src="img/menu/SleepTimer.png"/>
 <ExitTimer src="img/menu/ExitTimer.png"/>
 
 <OpenFile src="img/menu/OpenFile.png"/>
 <OpenUrl src="img/menu/OpenUrl.png"/>
 <OpenClipborad src="img/menu/OpenClipborad.png"/>
 
 <AddBookmark src="img/menu/AddBookmark.png"/>
 <BookmarkOnOsd src="img/menu/Bookmarks.png"/>
 
 <MultiAddressOsd src="img/menu/MultiAddress.png"/>
 
 <ShowScaner src="img/menu/ShowScaner.png"/>
 <ShowMediaInfo src="img/menu/ShowMediaInfo.png"/> 
 <ShowMessage src="img/menu/ShowMessage.png"/>
</mainMenu>

<channelsMenu>
 <Next src="img/menu/Next.png"/>
 <ExtFilter src="img/menu/ExtFilter.png"/>
 <Folder src="img/menu/Folder.png"/>
 <Playing src="img/menu/Play.png"/>
 <Favorite src="img/menu/Favorite.png"/>
</channelsMenu> 
<mainConfig>
 <Picture src="img/menu/Picture.png"/>
 <PictureAdjust  src="img/menu/PictureAdjust.png"/>
 <Control src="img/menu/ControlSetting.png"/>
 <ControlLirc src="img/menu/ControlLirc.png"/>
 <ControlMouse src="img/menu/ControlSetting.png"/>
 <ControlExt src="img/menu/Miscellaneous.png"/>
 <Net src="img/menu/Net.png"/>
 <NetChache src="img/menu/NetChache.png"/>
 <NetProxy src="img/menu/NetProxy.png"/>
 <NetProxyScripts src="img/menu/NetProxy.png"/>

 <Osd src="img/menu/Osd.png"/>
 <OsdExtra src="img/menu/Miscellaneous.png"/>
 <OsdControlPanel src="img/menu/ControlPanel.png"/>
 <OsdSinglePiP src="img/menu/PiP.png"/>

 <PreviewPiP src="img/menu/PiP.png"/>
 <MultiPiP src="img/menu/MultiPiP.png"/>
 <View src="img/menu/View.png"/>
 <ViewWallpaper src="img/menu/ViewWallpaper.png"/>
 <ViewPlaylist src="img/menu/Playlist.png"/>
 <ViewControlPanelBase src="img/menu/ControlPanel.png"/>
 <ViewSkin src="img/menu/ViewSkin.png"/>

 <Sound src="img/menu/Audio.png"/>
 <SoundDirectX src="img/menu/SoundDirectX.png"/>
 <SoundWave src="img/menu/SoundWave.png"/>
 <SoundVisualization src="img/menu/SoundVisualization.png"/>
 <SoundVisualizationProjectM src="img/menu/SoundVisualizationProjectM.png"/>

 <Video src="img/menu/Video.png"/>
 <VideoOutput src="img/menu/VideoOutput.png"/>
 <VideoOutputDirectX src="img/menu/VideoOutputDirectX.png"/>
 <VideoOutputDirect3D9 src="img/menu/VideoOutputDirect3D9.png"/>
 <VideoModules src="img/menu/VideoModules.png"/>
 <VideoAVCodec src="img/menu/VideoAVCodec.png"/>
 
 <Subtitle src="img/menu/Subtitle.png"/>
 <SubtitleTextRenderer src="img/menu/SubtitleTextRenderer.png"/>
 
 <Records src="img/menu/Record.png"/>
 <Snapshot src="img/menu/Snapshot.png"/>
 
 <Scheduler src="img/menu/Scheduler.png"/>
 
 <Epg src="img/menu/Epg.png"/>
 
 <Playback src="img/menu/Play.png"/>
 <PlaybackWatchdog src="img/menu/PlaybackWatchdog.png"/>
 
 <Timeshift src="img/menu/Timeshift.png"/>

 <System src="img/menu/System.png"/>
 <SystemShutdown src="img/menu/Power.png"/>
 <SystemPreferences src="img/menu/Tools.png"/>
 <SystemScreensaver src="img/menu/SystemScreensaver.png"/>
 
 <ParentalControl src="img/menu/ParentalModeOn.png"/> 
 
 <Language src="img/menu/Language.png"/>
 
 <Extended src="img/menu/Extended.png"/>
</mainConfig> 
