<controlpanel ui="forms\osd\controlpanel\controlpanel.ui" typeAlign="0x0101" cx="-100" cy="0" y="5" xb="0" easingCurve="34">

 <background src="img\OsdControlPanel2.png" skip="10" size="2" setcy="1" usetransparent="1" can_glass="0" useSystemColorizationColor="0" type="0" color1="0x80000000"/>
 <resizeinfo resizeable="1" mincx="943"  />
 


 <node class="BUTTON" id="PLAY_BUTTON_ID" toolTipView="UPPER_TEXT_ID" typeAlign="2" cx="60" cy="60" x="20" y="41">
   <image isalpha="1" src="img\OsdPlayButton.png" tooltip="translateMe(Play)"/>
   <image isalpha="1" src="img\OsdPauseButton.png" tooltip="translateMe(Pause)" />
 </node>

<node class="BUTTON" id="RATIO_BUTTON_ID" typeAlign="3" cx="44" cy="44" x="140" y="48">
   <image isalpha="1" src="img\OsdSelect0.png"/>
 </node>
<node class="BUTTON" id="CROP_BUTTON_ID" typeAlign="3" cx="44" cy="44" x="90" y="48">
   <image isalpha="1" src="img\OsdSelect0.png"/>
 </node>

 <node class="BUTTON" id="FFJUMP_BUTTON_ID" toolTipView="UPPER_TEXT_ID" auto="300" typeAlign="2" cx="44" cy="44" x="-160" y="48">
   <image isalpha="1" src="img\OsdFFJumpButton.png" tooltip="translateMe(Skip forward)"/>
 </node>

 <node class="BUTTON" id="NEXT_BUTTON_ID" toolTipView="UPPER_TEXT_ID" typeAlign="2" cx="44" cy="44" x="170" y="48">
   <image isalpha="1" src="img\OsdNextButton.png" tooltip="translateMe(Next channel/media)"/>
 </node>

 <node class="BUTTON" id="PLAYLST_OSD" toolTipView="UPPER_TEXT_ID" typeAlign="1" cx="44" cy="44" x="20" y="48">
   <image isalpha="1" src="img\OsdSnapshot.png" />
   <luascr OnClick="m_simpleTV.Control.ExecuteAction(6)"/>
 </node>

 <node class="BUTTON" id="REWJUMP_BUTTON_ID" toolTipView="UPPER_TEXT_ID" auto="300" typeAlign="2" cx="44" cy="44" x="-210" y="48">
   <image isalpha="1" src="img\OsdRewJumpButton.png" tooltip="translateMe(Skip backward)"/>
 </node>

 <node class="BUTTON" id="PREV_BUTTON_ID" toolTipView="UPPER_TEXT_ID" typeAlign="2" cx="44" cy="44" x="120" y="48">
   <image isalpha="1" src="img\OsdPrevButton.png" tooltip="translateMe(Previous channel/media)"/>
 </node>

 <node class="BUTTON" id="STOP_BUTTON_ID" toolTipView="UPPER_TEXT_ID" typeAlign="2" cx="44" cy="44" x="-50" y="48">
   <image isalpha="1" src="img\OsdStopButton.png" tooltip="translateMe(Stop)"/>
 </node>

  <node class="BUTTON" id="EXIT" typeAlign="3" cx="44" cy="44" x="20" y="48">
   <image isalpha="1" src="img\OsdFullScrButton.png" />
    <luascr OnClick="m_simpleTV.Control.ExecuteAction(12)" />
 </node>
 <node class="BUTTON" id="USER_SHOW_TVS_SELECT_SRC" typeAlign="1" cx="44" cy="44" x="100" y="48">
  <image isalpha="1" src="img\OsdSelect0.png" />
  <luascr OnClick="if (tvs_core) and (TVSources_var.IsTVS == true) then dofile(m_simpleTV.MainScriptDir .. 'user/TVSources/selectsource.lua') else m_simpleTV.Control.ExecuteAction(108) end" />
 </node>
   <node class="BUTTON" id="PROG" typeAlign="1" cx="44" cy="44" x="150" y="48">
   <image isalpha="1" src="img\OsdSelect0.png" />
    <luascr OnClick="m_simpleTV.Control.ExecuteAction(38)" />
 </node>

   <node class="BUTTON" id="KEY_CHAPTER_SHOW_OSD" typeAlign="2" cx="44" cy="44" x="260" y="48">
   <image isalpha="1" src="img\OsdSelect0.png" />
    <luascr OnClick="m_simpleTV.Control.ExecuteAction(116)" />
 </node>


 <node class="SLIDER" id="POS_SLIDER_ID" typeAlign="1" cx="-102" cy="10" x="-6" y="21">
   <imagecursor isalpha="1" duration="400" left="0" top="0" right="10" bottom="10" statecount="2" src="img\BigCursor1.png"/>
   <minmax min="0" max="10000" />
   <markinfo showalways="0" color="0xFF000000" offset="0" size="-1" width="3"/>
   <color>
    <enabledleft  color1="0xFF0E9B89" color2="0xFF0E9B89" type="0"/>
	<enabledright color1="0xFF3C3C3C" color2="0xFF3C3C3C" type="0"/>
	<disabled color1="0xFF6A6A6A" color2="0xFF6A6A6A" type="0"/>
   </color>
 </node>
  <node class="STATIC" id="EPG_LEFT_TEXT_ID" typeAlign="1" cx="30" cy="16" x="4" y="0" xb="0" yb="0">
   <font name="Arial" height="9" bold="1" />
   <text aligment="0x1" color="0xFEF8F8F8"/>
 </node>
 
  <node class="STATIC" id="EPG_RIGHT_TEXT_ID"  typeAlign="3" cx="43" cy="16" x="0" y="0" xb="12" yb="0">
   <font name="Arial" height="9" bold="1" />
   <text  aligment="0x4" color="0xFEF8F8F8"/>
 </node>
  
 <node class="SLIDER" id="EPG_SLIDER_ID"  typeAlign="1" cx="-100" cy="9" x="48" y="1" xb="50">
   <imagecursor isalpha="1" duration="400" left="0" top="0" right="10" bottom="10" statecount="2" src="img\BigCursor.png"/>      
   <minmax min="0" max="10000" />   
   <color>
    <enabledleft  color1="0x3800E600" type="0"/>
	<enabledright color1="0x5000E600" type="0"/>
	<partial color1="0x80ff9933" type="0"/>
   </color>
   <markinfo showalways="1" color="0x80FFFFFF" offset="0" size="0" width="2"/>
 </node> 
 

</controlpanel>
