﻿<?xml version="1.0" encoding="utf-8" standalone="no" ?>
   
<SimpleTVSkin version="2.1" author="Dmitry R., nexterr" name="nexterr BlackGlass skin" desc="BlackGlass mod skin for simpleTV v0.5 b12.4" imagepre="img\preview_skin.jpg">

&include_playlist.xml;
&include_controlpanel.xml;
&include_equ.xml;
&include_menuicon.xml;
<mainview>
 <images>
 <!--  <node id="USER_LOGO1_IMG_ID" class="image" show="1" typeAlign="0x0202" cx="0" cy="0" minres="700" transparency="1.0">
   <image  src="art.jpg"/>  
  </node>
  
  <node id="USER_LOGO10_IMG_ID11" class="image" typeAlign="0x0403" cx="0" cy="0" minres="400" transparency="0.5">
   <image  src="art11.jpg"/>  
  </node>
  -->
 </images>
</mainview>


<osd>
  <extOptions allowShowChannelName="0" />
 <!-- example of layers control 
	   splitWithType - bitmask
					 - 0 no (default)
		             - 1 with playlist
				     - 2 with control panel
					 - 4 with info panel -->
		<layers>
			<node id="ELEMENTS_LAYER_ID" marginLeft="0" marginTop="0" marginRight="0" marginBottom="0"/>
			<node id="LAYER_0_ID"/>
			<node id="LAYER_1_ID"/>
			<node id="TEXTITEM_LAYER_ID" splitWithType="1"/>
			<node id="INFOPANEL_LAYER_ID" splitWithType="1"/>
			<node id="PLAYLIST_LAYER_ID"/>
			<node id="CLOCKS_LAYER_ID" splitWithType="1" />
			<node id="WINDOW_SPLIT_PLS_LAYER_ID" splitWithType="1"/>
			<node id="WINDOW_FULL_LAYER_ID" splitWithType="0" />
			<node id="WINDOW_SPLIT_INFOPANEL_LAYER_ID" splitWithType="4" />
			<node id="CONTROLPANEL_LAYER_ID" splitWithType="0"/>
			<node id="MESSAGE_BOX_LAYER_ID"/>
		</layers>  
  
  <osdwindow ui="forms\osd\osdwindow.ui"/>
  <osditem  ui="forms\osd\osditem.ui"/>
  
  <!-- example layerId: <textitems layerId="TEXTITEM_LAYER_ID" ui="forms\osd\textitem\container.ui" typeAlign="0x0101" y="100" cx="-100" cy="-100" > -->
  <textitems  ui="forms\osd\textitem\container.ui" typeAlign="0x0101" y="100" cx="-100" cy="-100" >
    <default ui="forms\osd\textitem\default.ui" hideEffect="3" />
  </textitems>
      
  &include_playlistosd.xml;	
  &include_osdcontrolpanel.xml;	
  &include_osdequ.xml;
	
  <!-- <loadAnimation ui="forms\osd\loadanimation\main.ui" typeAlign="0x0202" cx="0" cy="0" hideEffect="3"/> -->
  <recordAnimation ui="forms\osd\recordanimation\context.ui" typeAlign="0x0103" cx="0" cy="0" y="10" hideEffect="3"/>
	
  <infopanel typeAlign="0x0401" cx="-100" cy="0">
   <big ui="forms\osd\infopanel\big.ui"/>
   <small ui="forms\osd\infopanel\small.ui">
    <!--<pointer src="img\osd\infopanel\pointer.ico"/>-->
   </small>
  </infopanel> 
  
  <images>
   <node id="MUTE_IMAGE_OSD_ID" ui="forms\osd\images\default.ui" typeAlign="0x0101" cx="0" cy="0" x="15" y="10" showtime="-1">
	<image src="img\osd\osdmuteimage.png"/>
   </node>	
   <node id="PLAY_IMG_ID" ui="forms\osd\images\default.ui" typeAlign="0x0202" cx="0" cy="0" showtime="1000" hideTimeEffect="250" showTimeEffect="250" hideEffect="3" >
    <image  src="img\Play-1-Normal-icon.png"/>
   </node>
   <node id="PAUSE_IMG_ID" ui="forms\osd\images\default.ui" typeAlign="0x0202" cx="0" cy="0" showtime="1000" hideTimeEffect="250" showTimeEffect="250" >
    <image  src="img\Pause-Normal-icon.png"/>
   </node>
  
  
  
  
   <node id="STOP_IMG_ID" ui="forms\osd\images\default.ui" typeAlign="0x0202" cx="0" cy="0" x="0" y="0"  hideTimeEffect="250" showTimeEffect="250" hideEffect="3" >
    <image  src="img\stop-red-icon.png"/>
   </node>
   <node id="ERROR_IMG_ID" ui="forms\osd\images\default.ui" typeAlign="0x0202" cx="0" cy="0" showtime="-1" >
    <image  src="img\Sign-Error-icon.png"/>
   </node>
   <node id="TELETEXT_IMG_ID" ui="forms\osd\images\default.ui" typeAlign="0x0102" cx="0" cy="0" x="0" y="2" showtime="-1">
    <image  src="img\teletext.png"/>
   </node>
   <node id="RATE_IMG_ID" ui="forms\osd\images\rate.ui" typeAlign="0x102" cx="0" cy="0" x="0" y="5" showtime="-1">
     <image  type="dir" count="12" delay="90" src="img\osd\rate\arrow4\arr%1.png"/>
   </node>     
   <node id="PARENT_LOCK_IMG_ID" ui="forms\osd\images\default.ui" typeAlign="0x0202" cx="0" cy="0" showtime="-1" >
     <image   src="img\Lock-icon.png"/>
   </node>

 </images>
  
  <sliders>
  <node id="VOLUME_SL_OSD_ID" ui="forms\osd\sliders\volume.ui" typeAlign="0x0402" cx="526" cy="105" hideEffect="3" hideTimeEffect="300" showTimeEffect="500" easingCurve="34" />
  <node id="ZOOM_SL_OSD_ID" ui="forms\osd\sliders\zoom.ui" typeAlign="0x0402" cx="526" cy="105" hideEffect="3" hideTimeEffect="300" showTimeEffect="500" easingCurve="34" />
  <node id="BRIGHTNESS_SL_OSD_ID" ui="forms\osd\sliders\brightness.ui" typeAlign="0x0402" cx="526" cy="105" hideEffect="3" hideTimeEffect="300" showTimeEffect="500" easingCurve="34" />
  <node id="CONTRAST_SL_OSD_ID" ui="forms\osd\sliders\contrast.ui" typeAlign="0x0402" cx="526" cy="105" hideEffect="3" hideTimeEffect="300" showTimeEffect="500" easingCurve="34" />
  <node id="GAMMA_SL_OSD_ID" ui="forms\osd\sliders\gamma.ui" typeAlign="0x0402" cx="526" cy="105" hideEffect="3" hideTimeEffect="300" showTimeEffect="500" easingCurve="34" />
  <node id="HUE_SL_OSD_ID" ui="forms\osd\sliders\hue.ui" typeAlign="0x0402" cx="526" cy="105" hideEffect="3" hideTimeEffect="300" showTimeEffect="500" easingCurve="34" />
  <node id="SATURATION_SL_OSD_ID" ui="forms\osd\sliders\saturation.ui" typeAlign="0x0402" cx="526" cy="105" hideEffect="3" hideTimeEffect="300" showTimeEffect="500" easingCurve="34" />
  <node id="SHARPNESS_SL_OSD_ID" ui="forms\osd\sliders\sharpness.ui" typeAlign="0x0402" cx="526" cy="105" hideEffect="3" hideTimeEffect="300" showTimeEffect="500" easingCurve="34" />  
  <node id="POSTPROC_SL_OSD_ID" ui="forms\osd\sliders\postproc.ui" typeAlign="0x0402" cx="526" cy="105" hideEffect="3" hideTimeEffect="300" showTimeEffect="500" easingCurve="34" />    
 </sliders>
    
 <clock ui="forms\osd\clock\clock.ui" typeAlign="0x0101" cx="0" cy="0" x="10" y="10" hideEffect="3"/>
 <inputnumber ui="forms\osd\inputnumber\inputnumber.ui" typeAlign="0x0202" cx="0" cy="0" hideEffect="3"/>
 
 <messageBox  typeAlign="0x0202" cx="0" cy="0" hideEffect="3" minBackgroundAlpha="0.85"> 
  <context ui="forms\osd\messagebox\context.ui"/>
 </messageBox>
 
 <parentalControl  typeAlign="0x0202" cx="0" cy="0" hideEffect="3"> 
  <context ui="forms\osd\parentalcontrol\context.ui"/>
 </parentalControl>
  
 <commonSelect  typeAlign="0x0202" cx="0" cy="0" x="0" y="0" hideEffect="3"> 
  <context ui="forms\osd\selectlist\common.ui"/> 
 </commonSelect>
 
 <multiAddress  typeAlign="0x0101" cx="0" cy="0" x="10" y="10" hideEffect="3"> 
  <context ui="forms\osd\selectlist\multiaddress.ui"/> 
 </multiAddress>
 
 <bookmarks  typeAlign="0x0101" cx="0" cy="0" x="10" y="10" hideEffect="3"> 
  <context ui="forms\osd\selectlist\bookmarks.ui"/> 
 </bookmarks>
 
 <backchannels  typeAlign="0x0101" cx="0" cy="0" x="10" y="10" hideEffect="3"> 
  <context ui="forms\osd\selectlist\backchannels.ui"/> 
 </backchannels>
 
 <allControlWindow  typeAlign="0x0101" cx="0" cy="0" x="10" y="10" hideEffect="3"> 
  <context ui="forms\osd\selectlist\allcontrolwindow.ui"/> 
 </allControlWindow>
 
 <settings  typeAlign="0x0101" cx="0" cy="0" x="10" y="10" hideEffect="3"> 
  <context ui="forms\osd\selectlist\settings.ui"/> 
  <combo  typeAlign="0x0101" cx="0" cy="0" x="0" y="0" hideEffect="3" showEffect="3" ui="forms\osd\selectlist\settingscombowindow.ui"> 
    <context ui="forms\osd\selectlist\settingscombo.ui"/> 
  </combo>
  <picture  typeAlign="0x0202" cx="0" cy="0" x="0" y="0" closeOnChoice="0" showtime="60000" hideEffect="3" showEffect="3"> 
    <context ui="forms\osd\picturesettings\picturesettings.ui"/> 
  </picture>
  <synchronization  typeAlign="0x0202" cx="0" cy="0" x="0" y="0" closeOnChoice="0" showtime="60000" hideEffect="3" showEffect="3"> 
    <context ui="forms\osd\synchronizationsettings\synchronizationsettings.ui"/> 
  </synchronization>
 </settings>
 
 <chapters  typeAlign="0x0101" cx="0" cy="0" x="10" y="10" hideEffect="3"> 
  <context ui="forms\osd\selectlist\chapters.ui"/> 
 </chapters>
  
 <epg  typeAlign="0x0101" cx="-100" cy="-97" x="10" y="10" hideEffect="1" ui="forms\osd\epg\window.ui"> 
  <context ui="forms\osd\epg\context.ui"/> 
 </epg> 
  
 <scheduler  typeAlign="0x0101" cx="-100" cy="-97" x="10" y="10" hideEffect="1"> 
  <context ui="forms\osd\scheduler\context.ui" uiF="forms\osd\scheduler\context_F.ui"/> 
 </scheduler>  
  
 <extFilter typeAlign="0x0202" ui="forms\osd\extfilter\container.ui" cx="-100" xb="10" cy="0" yb="-20" hideEffect="3" showtime="60000" closeOnChoice="1"> 
   <context ui="forms\osd\extfilter\extfilter.ui" uiF="forms\osd\extfilter\extfilter_f.ui"/> 
 </extFilter>
 
 <!--layerId="WINDOW_SPLIT_PLS_LAYER_ID" -->
 <channelInfo ui="forms\osd\channelinfo\channelinfo.ui" uiF="forms\osd\channelinfo\channelinfo_F.ui" typeAlign="0x0101" x="0" y="10" cx="-100" cy="0"  hideEffect="3" showtimeAdd="15000"/> 
</osd>

<osdPiP  _color1="0x64FF0000" _color2="0x640000FF">
  <!--<logo typeLogo="1" src="img\Lock-icon.png"  type="1" color1="0xFFFF0000" color2="0xFF00FF00" />  
  <view>
    <images>
    <node id="USER_LOGO1_IMG_ID" class="image" show="1" typeAlign="0x0202" cx="0" cy="0" minres="700" transparency="0.5">
     <image  src="art.jpg"/>  
   </node>
   </images>
  </view>-->
  <images>
   <node id="PLAY_IMG_ID" ui="forms\osd\images\default.ui" typeAlign="0x0101" cx="64" cy="64" showtime="1000" hideTimeEffect="250" showTimeEffect="250" hideEffect="3" >
    <image  src="img\Play-1-Normal-icon.png"/>
   </node> 
   <node id="ERROR_IMG_ID" ui="forms\osd\images\default.ui" typeAlign="0x0202" cx="72" cy="72" showtime="-1">
    <image  src="img\Sign-Error-icon.png"/>
   </node> 
  <node id="PARENT_LOCK_IMG_ID" ui="forms\osd\images\default.ui" typeAlign="0x0202" cx="72" cy="72" showtime="-1" >
     <image   src="img\Lock-icon.png"/>
   </node>   
 </images>
 <loadAnimation ui="forms\osd\loadanimation\singlepip.ui" typeAlign="0x0202" cx="0" cy="0" hideEffect="3"/>
 <!--<loadAnimation ui="forms\osd\loadanimation\main.ui" typeAlign="0x0202" cx="0" cy="0" hideEffect="3"/>-->
</osdPiP>

<osdMultiPiP>
  <images>
   <node id="PLAY_IMG_ID" ui="forms\osd\images\default.ui" typeAlign="0x0101" cx="64" cy="64" showtime="1000" hideTimeEffect="250" showTimeEffect="250" hideEffect="3" >
    <image  src="img\Play-1-Normal-icon.png"/>
   </node> 
   <node id="ERROR_IMG_ID" ui="forms\osd\images\default.ui" typeAlign="0x0202" cx="64" cy="64" showtime="-1">
    <image  src="img\Sign-Error-icon.png"/>
   </node>   
   <node id="PARENT_LOCK_IMG_ID" ui="forms\osd\images\default.ui" typeAlign="0x0202" cx="64" cy="64" showtime="-1" >
     <image   src="img\Lock-icon.png"/>
   </node>   
 </images>
 <loadAnimation ui="forms\osd\loadanimation\singlepip.ui" typeAlign="0x0202" cx="0" cy="0" hideEffect="3"/>
</osdMultiPiP>

<osdPreviewPiP>
  <images>
   <node id="PLAY_IMG_ID" ui="forms\osd\images\default.ui" typeAlign="0x0101" cx="64" cy="64" showtime="1000" hideTimeEffect="250" showTimeEffect="250" hideEffect="3" >
    <image  src="img\Play-1-Normal-icon.png"/>
   </node> 
   <node id="ERROR_IMG_ID" ui="forms\osd\images\default.ui" typeAlign="0x0202" cx="64" cy="64" showtime="-1">
    <image  src="img\Sign-Error-icon.png"/>
   </node>   
   <node id="PARENT_LOCK_IMG_ID" ui="forms\osd\images\default.ui" typeAlign="0x0202" cx="64" cy="64" showtime="-1" >
     <image   src="img\Lock-icon.png"/>
   </node>   
 </images>
 <loadAnimation ui="forms/osd/loadanimation/singlepip.ui" typeAlign="0x0202" cx="0" cy="0" hideEffect="3"/>
 <infopanel  typeAlign="0x0401" cx="-100" cy="0">
  <context ui="forms/osd/pip/infopanel.ui"/>
 </infopanel>
</osdPreviewPiP>


</SimpleTVSkin>